"","residual1","residual2"
"1",0.258430567355693,0.484658925648245
"2",0.273290523273183,0.522600780445135
"3",0.271047813547369,0.510327031257028
"4",0.399206685119903,0.660701938772235
"5",0.281885667729864,0.458407846497436
"6",0.20009115975928,0.442441834250233
"7",0.131591333972075,0.342671021009483
"8",0.0677393975978465,0.259779476664544
"9",-0.00744456358034211,0.109468029768801
"10",-0.0448310151474826,0.139890863313349
"11",0.0297459869991629,0.192778543951966
"12",0.0469195726332467,0.237993291816503
"13",0.00833378009153133,0.239140836328295
"14",0.148259566517525,0.170313866749914
"15",0.3214846272754,0.289780982050693
"16",0.494074874969837,0.340528839562749
"17",0.639160462055696,0.677316033455112
"18",0.66028289959043,0.718053092929542
"19",0.666596885944436,0.763870693363569
"20",0.616488347592613,0.616084609244875
"21",0.50057436209085,0.355294598475179
"22",0.486084105487226,0.318268383300177
"23",0.480365617490987,0.336593603182926
"24",0.404440340154849,0.220731334385942
"25",0.301271334885343,0.152143814586518
"26",0.143698499835879,0.109950179560992
"27",-0.013751455377969,0.0401035991203066
"28",-0.0626850073262678,0.140990211662341
"29",-0.146060262737402,0.100532289023854
"30",-0.235691432561864,0.0668369566132915
"31",-0.34265081045101,-0.126164692212212
"32",-0.532698038569374,-0.317323314918801
"33",-0.565164972609259,-0.341360208376824
"34",-0.230935678199125,-0.53389451302478
"35",-0.224915434797399,-0.496200533647291
"36",-0.304632440970375,-0.527057485577542
"37",-0.277772314864763,-0.440186051038338
"38",-0.262860430208511,-0.421215962824331
"39",-0.365330087990382,-0.613921856466896
"40",-0.52725136177008,-0.708859594818826
"41",-0.663773820745545,-0.791123888977849
"42",-0.679068631735569,-0.760312443095542
"43",-0.749199414995062,-0.742924286757665
"44",-0.82974301691404,-0.858524492256147
"45",-0.739954088745867,-0.805179598310546
"46",-0.659547433324927,-0.770134025072409
"47",-0.531610181196802,-0.739676436682414
"48",-0.422394081419471,-0.683956867924966
"49",-0.30758220426562,-0.601141755075061
"50",-0.265998749019843,-0.59692344875349
"51",-0.25394956757603,-0.569844077382865
"52",-0.24610387961881,-0.587463972066194
"53",-0.26348432567656,-0.607358339808962
"54",-0.223691132928556,-0.695241612875243
"55",0.0961597633364425,-0.38254125158913
"56",0.158248809316277,-0.381458289253793
"57",0.212184480368293,-0.342150558674669
"58",0.278196090910479,-0.293220577543825
"59",0.309940172442841,-0.408121741731463
"60",0.424481920967176,-0.291374115987612
"61",0.46039985639847,-0.255908166786883
"62",0.499647015012709,-0.2058239181879
"63",0.538337518892784,-0.198716446518262
"64",0.544296309925813,-0.188523432877449
"65",0.550217278583679,-0.185270741100408
"66",0.540646335543415,-0.306227507423873
"67",0.568232096268169,-0.282291653403717
"68",0.580630890023306,-0.270066558328978
"69",0.00654566554961082,0.243059439730181
"70",0.0101982180131033,0.217262021927537
"71",0.0765982641555957,0.168477395227218
"72",0.0496070256944721,0.135262587614402
"73",0.04433836905269,0.161511752940951
"74",0.078265156872824,0.0738871811348581
"75",0.148354895833217,0.206052561104876
"76",0.351677547155025,0.503308512853659
"77",0.52133864616472,0.546443532161806
"78",0.606349625274642,0.576780371566719
"79",0.751380724251412,0.65009506988623
"80",0.962921734984324,0.850469134802329
"81",1.20748621040723,1.24508290056997
"82",1.19824877014301,1.23738431110832
"83",1.17221772431267,1.11055613459983
"84",1.08304490916802,1.0257436262707
"85",1.00976892973879,0.914538873279439
"86",0.900044877964178,0.664213303313618
"87",0.887263927990926,0.652743343959492
"88",0.892045446483392,0.659961470053386
"89",0.831414027312945,0.624298831111566
"90",0.765008348305513,0.647764695840913
"91",0.6808453011105,0.555664127458869
"92",0.621076466881577,0.59320499529367
"93",0.523873365445874,0.547699524019149
"94",0.411191617304689,0.427986687448532
"95",0.305047976309984,0.376851840024059
"96",0.116556223438267,0.243405354296068
"97",0.0810849292077507,0.205776145197828
"98",-0.979534797153962,-0.87336789791282
"99",-1.00768004292356,-0.953664804937022
"100",-0.936161913940505,-0.973567159678315
"101",-0.968201975999452,-1.00927532690874
"102",-0.741997687953318,-0.629849595874297
"103",-0.675805983719255,-0.644723369885112
"104",-0.587590682122773,-0.625259563239937
"105",-0.582974764412074,-0.576157288460604
"106",-0.486323272308039,-0.552336801965189
"107",-0.405052338585509,-0.507818406267157
"108",-0.364409236874313,-0.460413822826201
"109",-0.283280055046486,-0.404279942454524
"110",-0.2187314344031,-0.307107750807705
"111",-0.128094114129198,-0.321964373504435
"112",-0.0268645096783,-0.287469676453679
"113",0.0734082524330971,0.0355997064796019
"114",0.0611395940790845,-0.0499911907357958
"115",0.00626081168894617,-0.21159828053021
"116",-0.0725809990823083,-0.308348931927492
"117",-0.0888136539056235,-0.288964229949268
"118",-0.144058687188655,-0.37677036131367
"119",-0.190853849101067,-0.349973898767207
"120",-0.170890680095027,-0.290376378581885
"121",-0.190923987712463,-0.398352874454006
"122",-0.183827131992811,-0.392847959879752
"123",-0.189437520604184,-0.326442229858519
"124",-0.222207878109557,-0.286551561470821
"125",-0.424220882351143,-0.354751643017793
"126",-0.455587152131771,-0.337339312371264
"127",-0.574656854922216,-0.41693568510712
"128",-0.704316141297199,-0.468008463711946
"129",-0.831540114814252,-0.604315756326592
"130",-1.04981859851439,-0.827433825675997
"131",-0.0889171139340673,-0.0279465423564067
"132",-0.11011607354359,0.0321800835394933
"133",-0.0971123991935808,0.031534252081575
"134",-0.194462839419169,0.0268717434938809
"135",-0.276913626158887,-0.0674479168613376
"136",-0.23712037080332,-0.0520173074482386
"137",-0.186360065865716,-0.175395230348973
"138",-0.195378097596995,-0.194748318125549
"139",-0.106205063968145,-0.124364642321555
"140",0.0316844532145565,0.0415279865347803
"141",0.037809988392683,0.0587678803779111
"142",0.0811625150282109,-0.0108079599960599
"143",0.0656012410272493,-0.0223697699741378
"144",0.130102255643372,0.0258554099069105
"145",0.178350321047769,0.0135167068091626
"146",0.218190184062998,0.135793378281593
"147",0.241524912986073,0.18443912760619
"148",0.243851675055457,0.197039012365095
"149",0.207051190928637,0.141505924247118
"150",0.156240603831493,0.0412563112629447
"151",0.182809830302177,0.0379597835071108
"152",0.298696342518365,0.14861803947294
"153",0.296258566652402,0.174644132796167
"154",0.307344148855796,0.175812623692464
"155",0.324513312471406,0.204008897437601
"156",0.325942412009668,0.059044651494531
"157",0.332499559634416,0.0977465645219614
"158",0.380972983618909,0.250101132347208
"159",0.302171171039422,0.147254569562126
"160",0.2998323344507,0.20964167880521
"161",0.32180891924057,0.318272523428741
"162",0.182805763656276,0.246805566370688
"163",0.10299655137706,0.206194523752131
"164",0.0672380851510651,0.198131958210624
"165",-0.53015929557419,-0.348289548530382
"166",-0.400264222830784,-0.254125665880611
"167",-0.277433510875653,-0.0292332525073345
"168",-0.276881587482289,-0.112118147797565
"169",-0.253801285026385,-0.176838051386303
"170",-0.169279455602666,-0.0881659774753034
"171",0.0890608488651039,0.0696757401753503
"172",0.374137545426302,0.373286907374152
"173",0.490320321497949,0.40434197717658
"174",0.640790792145261,0.555353321491208
"175",0.765110042823529,0.532376135755404
"176",0.885563278049924,0.677493274316495
"177",0.834021625808689,0.749344621970082
"178",0.764453374449146,0.631103299456157
"179",0.673153425256624,0.461338895904065
"180",0.606975605165348,-0.0103922822746825
"181",0.615325333915497,-0.0440120775531716
"182",0.601476800347471,-0.00444159549091835
"183",0.638334165088401,0.445077316810895
"184",0.424727840604334,0.353527590254017
"185",0.255597306928391,0.226959528483656
"186",0.204647870730074,0.235923685717267
"187",0.190770040473625,0.361630870989011
"188",0.0686330751426609,0.276478044565291
"189",-0.0503733467614615,0.205436472079832
"190",-0.17372723652434,0.0668725968766916
"191",-0.304583536635684,-0.0348879148360482
"192",-0.389586842545928,-0.0783556695196868
"193",-0.53264541612702,-0.24166774049053
"194",-0.839645310416835,-0.670572915731601
"195",-0.710088064769424,-0.502760820668269
"196",-0.642894659686318,-0.353056625699172
"197",-0.550147942903286,-0.209557344901031
"198",-0.535429775364172,-0.264884378869867
"199",-0.431027751353118,-0.207174167543407
"200",-0.446650147062154,-0.37698188406056
"201",-0.420002745105236,-0.391315884829453
"202",-0.192366938844246,-0.438538424561998
"203",-0.0940048704234947,-0.0321020186208477
"204",0.0493103480624914,0.0664169968322495
"205",0.321505231157101,0.257368845315322
"206",0.436888847811973,0.413077692946826
"207",0.459677219782632,0.423300975158011
"208",0.446309133015756,0.410238691209273
"209",0.3859056650602,0.266713088313597
"210",0.300330748797143,0.0386910502271545
"211",0.270445564841011,-0.058147057394696
"212",0.206802474148266,-0.0819609920587839
"213",0.230835814200965,-0.0170983487286436
"214",0.285336611371315,0.0301186821377633
"215",0.289980247691228,0.0503028109547568
"216",0.340788645977076,0.151420915614161
"217",0.392654028371657,0.311058304337708
"218",0.307507765925416,0.202695408859905
"219",0.280367292245796,0.166698430603433
"220",0.276002019782359,0.169668576087931
"221",0.184391168446703,0.189823244343066
"222",0.104934742958378,0.162369420724015
"223",0.0166535017923317,0.163675369256944
"224",-0.0934848766621246,0.1417030390071
"225",-0.134194965030141,0.110994754112001
"226",0.351337007203884,0.859047904997727
"227",0.416037412732281,0.941160296192554
"228",0.470570646020395,1.0339885225038
"229",0.353934108044937,0.881266227083738
"230",0.234846962879926,0.700216343613558
"231",0.124877580685297,0.620086196206429
"232",0.128028203275665,0.526152979526515
"233",0.30989609092576,0.816639508569253
"234",0.393830249623811,0.82336957041998
"235",0.323892953228675,0.637565214702732
"236",0.334636753826168,0.646561316585187
"237",0.551316556406821,0.511756721563901
"238",0.684758090805239,0.874787910478927
"239",0.723652226016073,0.951794262843082
"240",0.66303261997544,0.921725826188766
"241",0.623189891259005,0.940439972919521
"242",0.6303577320717,0.873264179735686
"243",0.658908528291577,0.863407658081879
"244",0.665868613361096,0.776520033455926
"245",0.700459094952927,0.825097563926747
"246",0.706326091734461,0.84663142962019
"247",0.747122676717018,0.839614826839086
"248",0.749398600437637,0.809504997060998
"249",0.788994269042562,0.832801778058547
"250",0.864995944923217,0.825086475452194
"251",0.837252790609165,0.846744340901449
"252",0.832092176179396,0.87888603820055
"253",0.739147083259888,0.809182566018822
"254",0.622518208020852,0.702332149770271
"255",0.524420327089262,0.495959086874102
"256",0.416867787489748,0.408000190629479
"257",0.355127797058384,0.375891102842504
"258",-0.635815622253272,-0.496228876989437
"259",-0.640715432288893,-0.473436388130982
"260",-0.628233647413561,-0.375197335868066
"261",-0.646534782766357,-0.502385133485889
"262",-0.605528038329651,-0.403179357858327
"263",-0.577734952432094,-0.328226060861161
"264",-0.486903143665011,-0.271051288025754
"265",-0.418732331142055,-0.328071329980462
"266",-0.429144106944522,-0.341762338310604
"267",-0.362724823082455,-0.261699374300476
"268",-0.186039279235665,-0.294952554032158
"269",-0.116135859059752,-0.0933400732059231
"270",-0.117033002980353,-0.0860694495849428
"271",-0.0455493958446463,-0.0781948587254405
"272",-0.0369252648173155,-0.151636685015442
"273",0.065648715010338,-0.133586042837739
"274",0.138181169578073,0.0589170940821772
"275",0.142472659336256,0.128035435744131
"276",-0.157162532012525,-0.173934567285399
"277",-0.122282073265012,-0.122820964534325
"278",-0.0393364147004811,0.0311740771302506
"279",-0.0232855977314174,0.012325447378393
"280",-0.0686242508019371,0.0228232695039987
"281",-0.0909928183297875,0.0377135276699495
"282",-0.116843062661818,0.0429583766821399
"283",-0.285215834187107,-0.0805176146865628
"284",-0.350224737900294,-0.118896028487983
"285",-0.339621874426628,0.0128927208081715
"286",-0.438991845759217,-0.0513898409916069
"287",-0.552521915941903,-0.125233182459985
"288",-0.690428054419095,-0.359459500179031
"289",-0.839627694192334,-0.504763623095708
"290",-0.909727251338213,-0.551110478532709
"291",-0.46307904710341,-0.274125512575237
"292",-0.425920205670995,-0.21764590445172
"293",-0.413967521511538,-0.143724646175715
"294",-0.440613822448142,-0.157641146017486
"295",-0.423598018918603,-0.355392423193249
"296",-0.46927379373226,-0.374637987047132
"297",-0.392799242946097,-0.23735694320563
"298",-0.348608465589597,-0.271321539620035
"299",-0.33462830927886,-0.14305906568349
"300",-0.339691367325766,-0.176147255214101
"301",-0.334272212638825,-0.217786588817509
"302",-0.245900120820149,-0.187158494547195
"303",-0.0978098089331968,-0.167512492226354
"304",0.215756525264085,0.24561895839657
"305",0.25906607506034,0.303726785047045
"306",0.215125021169703,0.213389665177225
"307",0.136314897781705,0.0799181158692023
"308",0.060251423779532,0.0111753237704945
"309",0.017804824598668,-0.158046118576262
"310",-0.00432234856559684,-0.184502996627744
"311",0.0138916058469299,-0.193028044463611
"312",0.0865651012786456,-0.0165686134401881
"313",0.103303805214359,0.0660219973824477
"314",0.0853013669537638,0.102232076387824
"315",0.0166385794548827,0.147215759270956
"316",-0.0460163443166629,0.155923164296255
"317",-0.238053177105728,0.0258146712560469
"318",-0.292248235242703,0.0471946487906685
"319",-0.316824110367293,0.107891038597583
"320",-0.404513133799445,0.0590049747221313
"321",-0.615028742468883,-0.214667967181265
"322",-0.743396179187488,-0.373739937109475
"323",-0.824928602853774,-0.442612635594692
"324",-0.861630591194927,-0.493578469379098
"325",-0.0265550805612773,0.108240579807567
"326",0.0211146450890994,0.117486576240077
"327",-0.0807165909997902,0.0429090368247095
"328",-0.170043514418637,0.00375556335433472
"329",-0.190358259912266,0.0383561762147517
"330",-0.240714788641755,-0.225452981188948
"331",-0.244848762988602,-0.249889351234862
"332",-0.235473436492508,-0.31100847814337
"333",-0.136799476005023,-0.302242644781514
"334",-0.0596361926537982,-0.224335363696295
"335",0.0179956580269468,-0.0133325467514041
"336",0.108561189720254,-0.065572645425912
"337",0.10143219379053,-0.127447013500268
"338",0.36787910539952,0.155827862480196
"339",0.72960009557018,0.615106940068783
"340",0.837029057293468,0.71487174620264
"341",0.755195748119608,0.549633221031187
"342",0.701995370716815,0.384421192392194
"343",0.725230149979732,0.412244321049555
"344",0.670393997924832,0.354770307233395
"345",0.651215688391487,0.337668180404255
"346",0.69221914876728,0.431537253502704
"347",0.760728934817897,0.545372966514429
"348",0.79867359757064,0.580891642517531
"349",0.77618165863323,0.586882515702848
"350",0.750543288935169,0.632415003659991
"351",0.740259214875648,0.696292105137909
"352",0.558509003791085,0.496228691853857
"353",0.513707975330384,0.497546439485313
"354",0.526743460988888,0.580645382230757
"355",0.395661397851328,0.437712473850757
"356",0.22631247260449,0.319362006802429
"357",0.0513947429063425,0.0180833175792337
"358",-0.0324349432568449,-0.0810957968629982
"359",-0.0928180396094562,-0.105762323991944
"360",-0.18688617628156,-0.0961012389603661
"361",-0.0606103396776212,0.133930972687946
"362",-0.076367464145625,-0.023035569495194
"363",-0.0300029540840922,0.10249710209224
"364",-0.0391301093019508,0.11393032237593
"365",-0.0537655548167295,0.0462738610743207
"366",-0.0429548689957599,0.0909433197086235
"367",0.0188300245962941,0.0899116449719906
"368",0.0789981115056238,0.157847097211367
"369",0.19903098284893,0.0322070755183637
"370",0.327266992862936,0.00287272439077419
"371",0.441753002331818,0.32976190086428
"372",0.452717521580974,0.328224587901797
"373",0.420883119135117,0.318656774042215
"374",0.324905071902138,0.190878437803554
"375",0.227199004061356,-0.0119400414367487
"376",0.200369237558272,-0.163658213196098
"377",-0.0206011108776271,-0.371486607044516
"378",-0.0412832788518286,-0.335414904976724
"379",0.0287065555577768,-0.138038580469038
"380",0.0304804752220079,-0.111564761869433
"381",0.0661837390965193,-0.0265078177293163
"382",-0.00723670303639769,0.0778940692824437
"383",-0.0193961343758448,0.144178915376746
"384",-0.0262027024986221,0.273681133567557
"385",-0.233937614031556,0.147996329800136
"386",-0.342630502711636,-0.0514640527230365
"387",-0.536239054201688,-0.193434311000962
"388",-0.594169868822335,-0.259266877751193
"389",-0.223884022727578,-0.131859127593641
"390",-0.166293516964744,-0.0500805091486358
"391",-0.135820947402194,-0.022359752045402
"392",-0.119981373442124,0.105293093122697
"393",-0.126802458206384,0.118177757264327
"394",-0.0964799734267702,0.0843655054611891
"395",-0.00950289267019148,0.0537538256247675
"396",-0.018184097583711,0.130717126924141
"397",0.00858748218493948,0.197361899469519
"398",0.0930801149489481,0.113199218387577
"399",0.264084435512378,0.276930678669813
"400",0.32562750809875,0.272939267000658
"401",0.434513060828925,0.248202089482731
"402",0.997685475499535,0.774450530147722
"403",0.928701686402926,0.631068885227961
"404",0.887354323372075,0.45688222871616
"405",0.891054098684811,0.363955055016252
"406",0.816109286203041,0.258146186651091
"407",0.776915391014425,0.230110437622189
"408",0.762748045925969,0.226297413177821
"409",0.793273955379986,0.316171278124556
"410",0.774270015489782,0.327524781436542
"411",0.752909019615501,0.330343059802594
"412",0.762213619308644,0.410364271515601
"413",0.760318351933653,0.54672894001622
"414",0.641155387570766,0.405678411513991
"415",0.609881483583361,0.422612947828231
"416",0.602604798616763,0.524653994942001
"417",0.511360849760833,0.488771582633104
"418",0.405752190371479,0.406248055277111
"419",0.301926650089827,0.240202456482123
"420",0.17619153927367,0.162980175396155
"421",0.094690004763511,0.0777135712765767
"422",-0.12836427389386,-0.0187504453543221
"423",-0.160373893966163,-0.0336770217029314
"424",-0.049800213745418,0.158282822859813
"425",-0.0315528413972207,0.118607351544386
"426",-0.0845709736285636,-0.0656176654022935
"427",-0.103761294191106,-0.054643912770715
"428",0.0176054443457393,0.0486603542413917
"429",0.0857430538549316,-0.124528514992617
"430",0.0806440356416482,0.0280741047994818
"431",0.242753656592581,0.0479085855156623
"432",0.35497524190674,0.24604878694749
"433",0.407681717976858,0.397310386630742
"434",0.451876775026462,0.437362348024337
"435",0.447062819559129,0.336003774550127
"436",0.43744992270468,0.422877047275329
"437",0.402001151195322,0.302231181632302
"438",0.380549313827115,0.241581861511838
"439",0.431793568981824,0.229779373220624
"440",0.414464191709815,0.198971497466854
"441",0.414438196994526,0.219303646155175
"442",0.436824073604386,0.264159836345092
"443",0.381782625829485,0.166405051371342
"444",0.21262332135941,0.100335334829019
"445",0.123196183320304,0.0879541731101784
"446",-0.034881330510839,0.0195378680248037
"447",-0.136885931869354,-0.0969181634091686
"448",-0.0916302251348414,0.0426790526778669
"449",-0.149289334863035,-0.00540219904151525
"450",-0.209267587979073,-0.0427825181746703
"451",-0.298180474091723,-0.144910539301574
"452",-0.42833851612131,-0.270699115872268
"453",-0.516034311317028,-0.377360947528337
"454",-0.588636903551856,-0.507880407622665
"455",0.0878542832937417,0.0873014235914158
"456",0.104566639354359,0.237996932993175
"457",0.0112050034346115,-0.0026917493327823
"458",-0.0380487774960487,0.0293609201860068
"459",-0.191444986077329,0.0353991423398248
"460",-0.306890118102663,-0.0240470602880435
"461",-0.35840682070913,-0.0573912960051295
"462",-0.493363581531965,-0.271674270070822
"463",-0.502158933004202,-0.258930740989853
"464",-0.432255169114372,-0.241837751694041
"465",-0.570528042673015,-0.44790545829662
"466",-0.493358239585197,-0.396461014320942
"467",-0.368848936274841,-0.329501645522769
"468",-0.271372624733631,-0.196131811545155
"469",-0.217832064671102,-0.0735164331315099
"470",-0.240976014836803,-0.0636678003972972
"471",-0.296108150709747,-0.162855261539477
"472",-0.459557805107073,-0.363062914873204
"473",-0.485088889554665,-0.482780047630728
"474",-0.505545781436666,-0.513029977634261
"475",-0.531680881183992,-0.480594606926591
"476",-0.526334740321257,-0.498343490164132
"477",-0.491494397496466,-0.399361063890982
"478",-0.448794620749818,-0.330915811249127
"479",-0.476344727072654,-0.310764696715221
"480",-0.478254292731449,-0.264437162162
"481",-0.474545045943129,-0.194853411293912
"482",-0.559177207439107,-0.257373386124573
"483",-0.56150126198876,-0.206191797166395
"484",-0.553340297053931,-0.137008494298447
"485",-0.622699793219171,-0.161168990279449
"486",-0.690845611508298,-0.185110387933234
"487",-0.765608205470113,-0.337252815747361
"488",-0.854843316178673,-0.417421801084173
"489",-0.904090286991432,-0.406813723253701
"490",-0.914179665373044,-0.386810460446447
"491",-0.684119808947472,-0.367471566556623
"492",-0.634053732950142,-0.194439914293684
"493",-0.669578592233839,-0.267274540266853
"494",-0.631765458824139,-0.257829080362962
"495",-0.618266906017588,-0.232940617146332
"496",-0.604633123332636,-0.286068864739293
"497",-0.518863263246403,-0.294286559647909
"498",-0.573440755880788,-0.358892639969329
"499",-0.370673181799146,-0.198130325224424
"500",-0.295020857260287,-0.0156353372260076
"501",-0.267355211842001,-0.0843139896607494
"502",-0.235379276845378,-0.0521740647627474
"503",-0.124757776768552,-0.00448804519850452
"504",-0.0450851106065626,0.0753805141781805
"505",0.0606838727123215,0.171285323979115
"506",0.0483055815975872,0.115872240737393
"507",0.0142579951942169,0.013921297083535
"508",-0.0936093469603388,-0.185985883359703
"509",-0.120651909359167,-0.263737183975477
"510",-0.160229076819587,-0.313309838709337
"511",-0.200740343806727,-0.329951926136181
"512",-0.265141249355523,-0.37165693799741
"513",-0.271168922076807,-0.270520492842406
"514",-0.340582425908745,-0.333036878591724
"515",-0.391337132553272,-0.36528924624042
"516",-0.425531654883221,-0.320645548549685
"517",-0.492585771227825,-0.30649994341489
"518",-0.699080099622979,-0.531334509538813
"519",-0.74700200723267,-0.4643863716148
"520",-0.833070918599391,-0.512900365357551
"521",-0.915224746878348,-0.579966790563351
"522",-1.13130576919821,-0.82181778277004
"523",-1.20976406796434,-0.895148202830152
"524",-1.28223423952845,-0.957179618102757
"525",0.163763819412025,0.174330093490991
"526",0.0924455711966312,0.157772555544786
"527",0.0270012421656065,0.0720533878817895
"528",-0.0236581965096656,-0.00545770631821959
"529",-0.0151506036575206,0.0426335168212938
"530",0.0078800819569789,0.0120036423960048
"531",-0.0171658733156168,-0.108032182565795
"532",-0.034765461292142,-0.137581149439066
"533",-0.0435612753490193,-0.129052480361183
"534",-0.00499111270614492,-0.107626272482324
"535",0.0147124347401958,-0.0727651411196067
"536",-0.0269290836189961,-0.112169537083884
"537",-0.00169226950511625,-0.0900512850925619
"538",0.299096420251223,0.0784410847102612
"539",0.361679057326127,0.147950050071043
"540",0.380851446570746,0.190769861687871
"541",0.412443211440016,0.263604983047345
"542",0.462434582006188,0.301076359121236
"543",0.464139722028581,0.238640791107305
"544",0.463145727830095,0.215685555199072
"545",0.493863522044404,0.229259680203705
"546",0.483240334900593,0.20151740780991
"547",0.474723213488995,0.20233966305617
"548",0.456424778207261,0.243172427371249
"549",0.387578623770016,0.20938303708309
"550",0.355809492394599,0.199118384348819
"551",0.192398786589706,0.190057656315655
"552",0.01094634702415,0.107837458002135
"553",-0.0437356107170393,0.0489711684075542
"554",-0.0426424453074825,0.0906769457316812
"555",-0.127251819302582,0.0287306390830737
"556",-0.309126693616372,-0.175443731000119
"557",-0.357891883807716,-0.258220360551245
"558",-0.362288255338381,-0.419407914915811
"559",-0.378957485768933,-0.442979765036312
"560",-0.400788285599411,-0.587028524005943
"561",-0.341084204612193,-0.36755265155041
"562",-0.278087452535818,-0.301667838150434
"563",-0.321279603633393,-0.364162103491615
"564",-0.32108520070846,-0.418307384939658
"565",-0.267603449170048,-0.492467754909088
"566",-0.287880689590287,-0.485937142817123
"567",-0.3192407372275,-0.524959460106072
"568",-0.210221094801139,-0.296748521913472
"569",-0.206525650733723,-0.351357451540662
"570",-0.201759921505084,-0.205431883836725
"571",-0.199366227213004,-0.217501420279635
"572",-0.138449658479226,-0.274132530600691
"573",-0.0400193098192336,-0.0642946932154911
"574",0.106675486161247,0.0873298084659339
"575",0.0492593877048116,0.135154202575744
"576",-0.0100768045298877,0.031894320784067
"577",-0.0699284180144657,-0.0621966280203021
"578",-0.0938497118702432,-0.202367072578747
"579",-0.019920207338973,-0.116017620153092
"580",-0.0748457014297364,-0.204311151522948
"581",-0.134461982435631,-0.201017336820023
"582",-0.280614033884332,-0.302885539328319
"583",-0.340357685300817,-0.227575598205336
"584",-0.366726344438676,-0.136883185543749
"585",-0.336946264937311,0.0146971822146237
"586",-0.466728961577699,-0.186469310598393
"587",-0.543585417104561,-0.213863662066475
"588",-0.535518242982489,-0.066334307565176
"589",-0.733849498031152,-0.111383497459562
"590",-0.876505210630247,-0.23135771205965
"591",-0.969885253859553,-0.303862769445741
"592",-1.04886631986467,-0.402279529654481
"593",-1.22999979459642,-0.593559748287294
"594",-0.963561332408216,-0.829237235074687
"595",-0.923021887755427,-0.80040554700212
"596",-0.838905080806571,-0.688759288544482
"597",-0.84671327154036,-0.775880022088932
"598",-0.780190318107242,-0.575329578576534
"599",-0.627136353511843,-0.584107105292422
"600",-0.62996790679311,-0.573829079599407
"601",-0.449880796700645,-0.412902137378448
"602",-0.323248113400261,-0.201000908619263
"603",-0.236052087916954,-0.259442090382688
"604",-0.16198133680087,-0.275320162582168
"605",-0.0347685182001078,-0.210552330351664
"606",0.287313866756753,0.158521498333899
"607",0.346027703930508,0.22777533815545
"608",0.266514843238115,0.0896803839494325
"609",0.23282052417616,-0.0160669242917095
"610",0.296944923667158,0.0992018051987504
"611",0.227511038966433,0.00322332121484686
"612",0.232979786863046,0.0685542784702361
"613",0.301938933364973,0.230060842595021
"614",0.383920507207396,0.361546256246408
"615",0.276069503240493,0.150840181435828
"616",0.202724275816179,0.297521732241001
"617",-0.032441719332239,0.0511777240259266
"618",-0.156896585528682,-0.0869402981136259
"619",-0.23878891504628,-0.167641441532357
"620",-0.259731787927802,-0.151313459925885
"621",-1.08652251042631,-0.822143786373668
"622",-1.07769550645228,-0.767111932124798
"623",-1.10659276987057,-0.901061425060993
"624",-1.04600074426139,-0.828170427645474
"625",-0.955500308500248,-0.803793545310269
"626",-0.822286207469159,-0.812562544026022
"627",-0.682002240196251,-0.626565265772412
"628",-0.593663738913907,-0.442545091952869
"629",-0.561708585364025,-0.324280661955043
"630",-0.410713442585792,-0.22829680999925
"631",-0.357606550528587,-0.0517305458570993
"632",-0.282370789080877,-0.00563682648440187
"633",-0.286568464405451,-0.0590784696194768
"634",-0.192956883130062,-0.0379005917596893
"635",-0.0321405083456646,0.043966263178643
"636",0.133679357386879,0.295866901455421
"637",0.223185414358648,0.150121605952551
"638",0.193954417258938,0.046819411227079
"639",0.134416990322499,-0.0402545858668402
"640",0.138716016644896,-0.053438619768166
"641",0.0152640362762279,-0.287459867614071
"642",-0.0860023326223019,-0.362448679456226
"643",-0.0969198759294426,-0.33997647018406
"644",-0.0546122995272864,-0.172736761970905
"645",-0.029833799990818,-0.089425919654855
"646",0.0260193877227963,0.0327509925283499
"647",0.129306313250916,0.259828365253617
"648",0.0117357380493146,0.190813325461134
"649",0.0473262497656606,0.252720019350439
"650",0.0397502186934797,0.316346720592946
"651",-0.0708713045119854,0.266380769315218
"652",-0.194229557918838,0.187767696688817
"653",-0.308566213889689,-0.0830035871949643
"654",-0.456168310300067,-0.26765627953058
"655",-0.56526754776736,-0.365777486968858
"656",-0.537699732551806,-0.28172445499426
"657",-0.491014011771844,-0.219423155321084
"658",-0.384070979161523,-0.02362806631125
"659",-0.255596502145111,0.125054228139403
"660",-0.252994933124415,-0.110580676788871
"661",-0.318507918749622,-0.154003092487616
"662",-0.305844518244021,-0.0894955244162346
"663",-0.227460162209556,-0.0998240700445512
"664",-0.164504637497641,-0.0662080515926131
"665",-0.00571048678607886,0.065928925529908
"666",0.0490453566878462,0.0562093344000562
"667",0.0842265387447984,-0.0380038104169037
"668",0.24664438577142,0.10964977927613
"669",0.314924596058837,0.163667298774195
"670",0.332156336419162,0.218289932570708
"671",0.289591821282928,0.0933316350443313
"672",0.215198282390069,0.0215226030309507
"673",0.145441754245103,-0.0623780065095218
"674",0.109927569627523,-0.0763579002001537
"675",0.0489133721327322,-0.111551094420155
"676",0.0161921813597036,-0.126864954377495
"677",0.0133470639644295,-0.0895475104360233
"678",0.0598573228849888,0.0537913846141052
"679",0.0523893929658401,0.044192206296914
"680",0.0274370370495164,0.0644621609741322
"681",0.0183077478306886,0.139670184498676
"682",0.0491685976971483,0.217292602661396
"683",-0.0350232366430926,0.168991083722493
"684",-0.0667732462357479,0.134468303665245
"685",-0.0729082511881951,0.190701690674534
"686",-0.132399378568285,0.158665214254873
"687",-0.30559933896935,0.00931759921322048
"688",-0.426201090855576,-0.00705609664578484
"689",-0.518490542274279,-0.0244298865383684
"690",-0.571646831686585,-0.102589855716423
"691",-0.670330920325541,-0.746060443147184
"692",-0.5175424631924,-0.580389918291788
"693",-0.553189586317753,-0.726286128533178
"694",-0.417893079999755,-0.537059934743998
"695",-0.414706879093077,-0.473783083993282
"696",-0.34207912600447,-0.46417368819489
"697",-0.444131100293463,-0.659648267159559
"698",-0.5252205872209,-0.839696126975331
"699",-0.554703611828493,-0.842105404934602
"700",-0.295719617853909,-0.610166118955597
"701",-0.210837163331252,-0.467162912176547
"702",-0.184564879542673,-0.534463581134405
"703",-0.047169931483865,-0.413071650444088
"704",0.425707643871405,-0.163258083738955
"705",0.54322267887518,-0.0304119769490959
"706",0.584319058834488,0.0152095082765484
"707",0.477444032442493,-0.0474282227442913
"708",0.374172899905928,-0.246217936530009
"709",0.357083053855924,-0.30556751204907
"710",0.466307855347848,-0.194755875379695
"711",0.54311330498249,0.0246939467403772
"712",0.59621502503617,0.133488128047276
"713",0.53335046321447,0.120504310755465
"714",0.573387808272726,0.315939463861783
"715",0.364380377754718,0.121229509626312
"716",0.369515194729732,0.156575613343658
"717",0.384333263446086,0.427832092924026
"718",0.265030941714128,0.368516216008601
"719",0.112799012050694,0.17327861221362
"720",-0.0554884920631827,-0.0213118329801714
"721",-0.229379588986935,-0.309859390209119
"722",-0.339781615969952,-0.466897856005288
"723",-0.137884403256065,-0.192018087862342
"724",-0.494268780540213,-0.446750952781141
"725",-0.467850898143005,-0.301357914849285
"726",-0.59045051429826,-0.507692095453628
"727",-0.605539983349744,-0.536080663162925
"728",-0.593146324456139,-0.535645551135754
"729",-0.558439010111988,-0.486576019717747
"730",-0.504452098416245,-0.416424951681951
"731",-0.511259948103169,-0.565296537037762
"732",-0.594232034117103,-0.621895189862609
"733",-0.586633647110862,-0.570568002509578
"734",-0.480273721655656,-0.549504543588511
"735",-0.44255029506536,-0.433478426319972
"736",-0.39768788288064,-0.430123611918064
"737",-0.319825265281249,-0.363041667994092
"738",-0.114121617946617,-0.276579572191897
"739",-0.00604075474182335,-0.244242648147083
"740",0.104663665083345,-0.110686577167794
"741",0.185972378662388,-0.0320577128244857
"742",0.103562134675214,-0.105106653208798
"743",0.0271229221507901,-0.288301285310781
"744",0.088729371871699,-0.198691276671611
"745",0.0978038168155376,-0.187456127066178
"746",0.224477396474138,-0.000285352765427844
"747",0.227299307006034,0.0571473291641459
"748",0.202347706907798,0.15724100992542
"749",0.217052305504382,0.252287412009222
"750",0.0840804174568733,0.12076562405312
"751",0.0586660407646333,0.193723228553277
"752",-0.108094939586745,0.226314112845314
"753",-0.183024923623151,-0.0101704929671836
"754",-0.324162645743174,-0.145328987745921
"755",-0.399369893225433,-0.194129015611494
"756",-0.407605162712857,-0.163336767232524
"757",0.350979512851515,0.375333798904483
"758",0.295264922429423,0.128160119722728
"759",0.271772147798254,0.102140797465652
"760",0.180648788655519,0.0539014458910403
"761",0.056313667802123,0.0133300548106332
"762",-0.0405386101612955,-0.0645397684402926
"763",-0.0576119061001106,-0.176896536357853
"764",-0.157935274348518,-0.275859072401017
"765",-0.209509238244608,-0.300694822051423
"766",-0.19186254026324,-0.229360013235508
"767",-0.219221805739828,-0.200819826820568
"768",-0.2400746545733,-0.257506296798512
"769",-0.134326784488264,-0.168895729416565
"770",-0.0135429249267218,-0.0694084554433433
"771",0.266808695845817,0.105649504812521
"772",0.2964505676195,0.196992177185486
"773",0.259967377271757,0.126489552610601
"774",0.262325917895429,0.172731026197878
"775",0.243975693976898,0.11885399609217
"776",0.244497017803559,-0.0152940934428202
"777",0.267813089354069,-0.0578583730733017
"778",0.304705553198858,0.0302192111853288
"779",0.291076957913885,0.00828489824265094
"780",0.348109910460906,0.101484393729194
"781",0.447562058303506,0.265039025526356
"782",0.483503630464026,0.156397209673519
"783",0.511180101327571,0.19344862758385
"784",0.588652808253145,0.312518387876573
"785",0.621592852681365,0.335551173244241
"786",0.607243608481901,0.272913980996124
"787",0.671509779595554,0.346993821541083
"788",0.738636702499006,0.421199238742064
"789",0.749482798959128,0.42137954360872
"790",0.781666854186201,0.397046499316779
"791",0.815403972584954,0.24057640079118
"792",0.840944566248395,0.245387737748104
"793",0.918968874185292,0.305121663152271
"794",0.967750559323516,0.365555832226246
"795",-0.745160907148857,-0.570982981696819
"796",-0.782916210579532,-0.513616177378641
"797",-0.790022928737363,-0.531743484989017
"798",-0.794385698527902,-0.578292498838266
"799",-0.796356070034409,-0.708799385599738
"800",-0.847417114195706,-0.739560471036536
"801",-0.73140052939815,-0.65217110746209
"802",-0.508006245383185,-0.437407470532238
"803",-0.05160997267068,-0.0202459274352668
"804",-0.0387608245782461,-0.0353341373583484
"805",0.025999987556964,0.0692073354375594
"806",0.0906203994512463,0.0862512038175976
"807",-0.165524307661853,-0.126220375592836
"808",-0.0786055238412877,-0.041557868574187
"809",-0.0503845785734271,-0.101256934470217
"810",-0.066250091663361,-0.149571716514477
"811",-0.053941624912301,-0.300213109300233
"812",-0.0418660090743734,-0.280028237156201
"813",-0.0336238579807093,-0.254490765177382
"814",0.0171235190569098,-0.162180239948884
"815",0.0157129191978312,-0.15374662182751
"816",0.0470743875438449,0.164792126560527
"817",-0.0855759390504088,0.0870610972087387
"818",-0.104627436967823,0.0551997034927509
"819",-0.0755554486205525,0.202576854276065
"820",-0.120553057378998,0.185232447250176
"821",-0.267097192391927,0.0902703910269956
"822",-0.358181336886236,-0.0230785104972193
"823",-0.406740867553295,-0.0867326973990102
"824",-0.411430629348256,-0.0993933757858642
"825",-0.157285146024747,-0.161250581832908
"826",-0.163554539453983,-0.299033417107999
"827",-0.200523930254254,-0.272734423456696
"828",-0.258675184798566,-0.242988024123805
"829",-0.30195782705476,-0.179454814555546
"830",-0.273955430679388,-0.191475246821557
"831",-0.263820845636469,-0.290159048114086
"832",-0.305252283451558,-0.314978261563077
"833",-0.299424265254426,-0.306919082826193
"834",-0.235775812297375,-0.221547728563622
"835",-0.213443796144515,-0.0823843210636736
"836",-0.177094132439074,-0.195429020838142
"837",-0.237060039991793,-0.227955360609455
"838",-0.155990579527949,-0.183362032925907
"839",0.0205265198830893,-0.0704622505080768
"840",0.354608791588114,0.475854190015266
"841",0.324456392938663,0.123417061116869
"842",0.378905276399207,0.225294930222879
"843",0.368323088337781,0.133065671732229
"844",0.316803923875737,0.0346149206579491
"845",0.295383958448208,0.00959759323338082
"846",0.316986912168289,0.0551837089873545
"847",0.370959672644387,0.0854842820067305
"848",0.444321272807728,0.225199037227783
"849",0.653280882460816,0.407978050445465
"850",0.718698028134757,0.638489740102475
"851",0.581377323666381,0.426671334857791
"852",0.521939291384376,0.421355047470214
"853",0.523037084297536,0.544159218153633
"854",0.428817378571815,0.49929993989412
"855",0.355290654977725,0.404302160187649
"856",0.217337611281771,0.189676428957291
"857",0.194922870694031,0.160313694475046
"858",-0.264171661312441,0.0757017159070976
"859",-0.270730949871552,-0.00620246842714876
"860",-0.147199769331399,0.232688293374347
"861",-0.167732648506281,0.261136233133424
"862",0.18356443652572,0.438952033264168
"863",0.00133502369197349,0.0891885784269033
"864",0.0386168398530674,0.200266995207147
"865",0.179418679303897,0.6721565773824
"866",0.167129877449767,0.673861462869757
"867",0.0599536019255445,0.306855828855887
"868",0.0878769903908211,0.371606478864837
"869",0.00400715036325371,0.38107765143606
"870",-0.00729868597423583,0.398777465734391
"871",0.00947427640286308,0.374768743183311
"872",0.049673503055645,0.266011569289834
"873",0.0903448129574259,0.194334516604179
"874",0.142521256837954,-0.0508657574545747
"875",0.438899864294837,0.072499875671179
"876",0.332625523020595,0.0458475632721702
"877",0.265588999686419,0.11064752065431
"878",0.200983678284184,0.00416230485247871
"879",0.129995103092178,0.199622789321381
"880",0.124289682579628,0.203432434222557
"881",0.0491008885248924,0.191820965731381
"882",0.0284245799869146,0.161233564409481
"883",-0.0115238129757267,-0.0392156059144615
"884",-0.0859980584830577,-0.0159544376278137
"885",-0.197196161552638,-0.0303644015031269
"886",-0.511219154387696,-0.381872451073651
"887",-0.448972464584774,-0.186716365753889
"888",-0.453043075936618,-0.198743164764959
"889",-0.501327565504166,-0.221076803218957
"890",-0.460235800316695,-0.120860503781785
"891",-0.468805722285951,-0.244517213052206
"892",-0.382735228805209,-0.330706217144522
"893",-0.358210883966578,-0.40482920475322
"894",-0.162065126499337,-0.0373520528336924
"895",-0.0875319996992362,0.110820805974132
"896",0.0206299395141699,0.0734779503033372
"897",0.0339248014933023,0.0577983285171882
"898",0.100026849468539,0.173987888276186
"899",0.21874811792272,0.289893052819604
"900",0.243942482809876,0.322388702814478
"901",0.2460109226481,0.342097077872084
"902",0.203550555507626,0.319852145525716
"903",0.147900664332324,0.0616182717410959
"904",0.19265230579883,0.125034580963428
"905",0.175203542055484,0.0320326073917165
"906",0.158036041601989,0.20402831002687
"907",0.218015839540408,0.303214159924271
"908",0.299259181860692,0.45140560198294
"909",0.172906488720152,0.326971279541433
"910",0.205754064155736,0.404209782968371
"911",0.217368795364025,0.506862461639887
"912",0.131176605998621,0.472864477175973
"913",0.0272661284712838,0.403391336431573
"914",-0.0696318757941807,0.247817358540966
"915",-0.276365273512722,0.0641168400648531
"916",-0.391150650128807,-0.00995882380879811
"917",-0.411329629056416,-0.0359939937893595
"918",-0.655727243613717,-0.447528466687349
"919",-0.674250047437927,-0.434681646329231
"920",-0.632390496216576,-0.357398621437031
"921",-0.525080139983773,-0.280509237624143
"922",-0.374649388105802,-0.129748565638677
"923",-0.262817148369218,-0.255686807022988
"924",-0.218119814269206,-0.231376327294308
"925",-0.0492553621696559,-0.0946298952136438
"926",0.152185234955729,-0.0294937667731211
"927",0.283811458310764,0.202092680852343
"928",0.426870624529579,0.407403553189146
"929",0.410538684590299,0.295251320501034
"930",0.402020838573099,0.221018756693615
"931",0.452066079722457,0.182907895295953
"932",0.568162162760846,0.477012256224163
"933",0.625906824198517,0.480016939397034
"934",0.554709517710855,0.400788527308021
"935",0.460767454029046,0.284233203374737
"936",0.355972709379588,0.148778501466992
"937",0.304375502818676,0.0216159911472237
"938",0.297851755835359,0.0165437851251414
"939",0.276768816029576,0.0437801233291607
"940",0.26231390412086,0.0818355135529909
"941",0.314863342471913,0.173047624846268
"942",0.258730969276472,0.0857440819048503
"943",0.216441790945148,0.134027764374901
"944",0.210301307981744,0.234621894121403
"945",0.204553954077495,0.289207748664776
"946",0.0735336641097673,0.12914932760015
"947",0.0565092778521645,0.099307979386176
"948",0.0159549743447837,0.146566232056713
"949",-0.0458618728482285,0.144748921502499
"950",-0.12332555011091,0.0463203883652177
"951",-0.222031385653072,-0.0641861622748877
"952",-0.313861855323754,-0.13952607241245
"953",-0.365488353730314,-0.13830726495416
"954",0.00577843497859625,0.154635588203208
"955",0.116809571371163,0.371425009259598
"956",0.0838913756997011,0.246623576534373
"957",0.0806241379832441,0.136256690564912
"958",0.0691073123775557,0.182085939623064
"959",0.0864596900061765,0.142328224043323
"960",0.113122718885882,0.0667672526786012
"961",0.0495423678012774,0.0041298990694475
"962",0.0307596929579037,0.0448387052710609
"963",0.101119472780128,0.115279703905969
"964",0.0994664425356275,0.175882186249811
"965",0.0733771749670245,0.201841353454312
"966",0.144885091367808,0.189687973586335
"967",0.19716638280523,0.155875506434307
"968",0.310779630176463,0.229277603888754
"969",0.404827334713983,0.364569237299045
"970",0.249517115717052,0.280947072778592
"971",0.012299103645431,0.0562629598088858
"972",-0.061133620152283,-0.0492765577338965
"973",-0.0711594331433261,-0.220159349790818
"974",-0.0268253050632001,-0.240558768842666
"975",0.0586372534463526,-0.0873639746529715
"976",0.0740511583957745,-0.0419412938375612
"977",0.111684613050544,0.065309064178001
"978",0.0838624924263283,0.0672833549862906
"979",0.215114548585384,0.271725733306472
"980",0.119412457806458,0.231616200045056
"981",0.0465599919487641,0.0590233150617278
"982",-0.0277198192271427,0.0155088515223707
"983",-0.0591639142188688,-0.00268059326920744
"984",0.956888540080607,0.678392390426856
"985",0.838831707156059,0.477511286064566
"986",0.7293250157967,0.296264055035621
"987",0.665917138523165,0.215926791304263
"988",0.627757638287995,0.143247692407934
"989",0.555725302465027,0.0691898536598771
"990",0.580036088365542,0.107539664886715
"991",0.490038042549291,0.00615290252325994
"992",0.446180171885209,0.0246572072342876
"993",0.45042137445266,0.135493783081089
"994",0.332757675714881,0.0932650707458865
"995",0.284679646135769,0.102161839284571
"996",0.322378482864114,0.227503387346769
"997",0.152640347867865,0.0132490196436535
"998",0.0662591055838652,-0.065312567849268
"999",0.0116372694659316,-0.0978652702523538
"1000",-0.0422019174502342,-0.138368128229295
